{
    "state": {
        "currentCoo": "3|1",
        "mode": 2,
        "showNegative": false,
        "showStack": false,
        "selectedObjectPosition": {
            "x": 0.9999999999999991,
            "y": 5
        },
        "size": {
            "width": 42,
            "height": 36
        }
    },
    "camera": {
        "zoom": 3.282982171799026,
        "position": {
            "x": 3.1603448591012935,
            "y": 1.835080817527052,
            "z": -3
        },
        "rotation": {
            "x": 0.7621217186382745,
            "y": 0,
            "z": 0
        },
        "translation": {
            "x": 0,
            "y": -0.5,
            "z": 0
        }
    }
}
