{
    "state": {
        "currentCoo": "3|1",
        "mode": 2,
        "showNegative": false,
        "showStack": false,
        "selectedObjectPosition": null,
        "size": {
            "width": 42,
            "height": 36
        }
    },
    "camera": {
        "zoom": 5.043824701195219,
        "position": {
            "x": 3.4399999999999995,
            "y": 1.4147410358565774,
            "z": -3
        },
        "rotation": {
            "x": 0.26820654413117184,
            "y": 0,
            "z": 0
        },
        "translation": {
            "x": 0,
            "y": -0.5,
            "z": 0
        }
    }
}
